Workbook

Sheet README
A1: San Diego Food Bank Network — Synthetic Inventory (grounded in real partner-agency records)
A3: Purpose: model what each site currently holds (item, unit size, quantity, weight) and how that
A4: compares to its storage capacity, to estimate how capacity is being utilized network-wide.
A6: WHAT'S REAL vs. SYNTHETIC
A7: Real (from google_maps_cleaned_data.csv, filtered to 3 requested names):
A8: Agency name, address, city, day of distribution, service type, food category label,
A9: and the diapers/period-supplies flag. See the 'Source Data (filtered)' sheet for the
A10: exact rows pulled from the source file.
A11: Synthetic (placeholder, for structure only):
A12: Every item, unit size/weight, quantity on hand, storage capacity (lbs), and date in the
A13: Inventory sheet. None of this reflects real stock levels — replace with real counts before
A14: drawing operational conclusions.
... A40: Snapshot / "today" reference date used for generation: 2026-08-21 (workbook build date).

Sheet Source Data (filtered)
A1: name | B1: address | C1: city | D1: zip | E1: day | F1: service_type | G1: food_category | H1: eligibility_clean | I1: walkup | J1: drivethru | K1: diapers_period_supplies | L1: frequency | M1: days_of_week | N1: start_time | O1: end_time | P1: Weekend_Availablity
A2: Aguilas del Poderoso Dios | B2: 5901 Rancho Hills Drive, San Diego, CA 92139 | C2: San Diego | D2: 92139 | E2: Thursday | F2: Neighborhood Distribution | G2: Neighborhood Produce (25-30lb) | H2: Open to All | I2: =TRUE() -> TRUE | J2: =TRUE() -> TRUE | K2: =FALSE() -> FALSE | L2: Monthly | M2: Thursday | N2: 10:00am | O2: food runs out | P2: =FALSE() -> FALSE
A3: All Saint Episcopal Church | B3: 651 Eucalyptus Avenue, Vista, CA 92084 | C3: Vista | D3: 92084 | E3: Saturday | F3: Food To Nonprofit | G3: Nonperishable Dry Goods + Produce | H3: Open to All | I3: =FALSE() -> FALSE | J3: =FALSE() -> FALSE | K3: =FALSE() -> FALSE | L3: Monthly | M3: Saturday | N3: 11 AM | O3: 12 PM. | P3: =TRUE() -> TRUE
A4: Apostolic Assembly Church | B4: 1717 East Lincoln Avenue, Escondido, CA 92027 | C4: Escondido | D4: 92027 | E4: Saturday | F4: Neighborhood Distribution | G4: Neighborhood Produce (25-30lb) | I4: =FALSE() -> FALSE | J4: =TRUE() -> TRUE | K4: =TRUE() -> TRUE | L4: Monthly | M4: Saturday | N4: 9:30 am | O4: 10:30 am | P4: =TRUE() -> TRUE

Sheet Inventory
A1: Row ID | B1: Item | C1: Category | D1: Storage Zone | E1: Unit Description | F1: Unit Weight (lb) | G1: Quantity On Hand (units) | H1: Total Weight (lbs) | I1: Location | J1: Address | K1: City | L1: Service Type (source) | M1: Food Category (source) | N1: Date Received | O1: Expiration Date | P1: Days Until Expiration
A2: 1 | B2: White Rice | C2: Grains/Staples | D2: Dry | E2: 25 lb bag | F2: 25 | G2: 308 | H2: =F2*G2 -> 7700 | I2: San Diego Food Bank - Main Warehouse (Miramar) | J2: 9850 Distribution Ave, San Diego, CA 92121 | K2: San Diego | L2: Regional Distribution Hub | M2: Full Catalog (all categories) | N2: 46219 | O2: 46581 | P2: =O2-TODAY() -> 326
A3: 2 | B3: Brown Rice | C3: Grains/Staples | D3: Dry | E3: 20 lb bag | F3: 20 | G3: 283 | H3: =F3*G3 -> 5660 | I3: San Diego Food Bank - Main Warehouse (Miramar) | J3: 9850 Distribution Ave, San Diego, CA 92121 | K3: San Diego | L3: Regional Distribution Hub | M3: Full Catalog (all categories) | N3: 46250 | O3: 46574 | P3: =O3-TODAY() -> 319
A4: 3 | B4: Dried Pinto Beans | C4: Grains/Staples | D4: Dry | E4: 20 lb bag | F4: 20 | G4: 576 | H4: =F4*G4 -> 11520 | I4: San Diego Food Bank - Main Warehouse (Miramar) | J4: 9850 Distribution Ave, San Diego, CA 92121 | K4: San Diego | L4: Regional Distribution Hub | M4: Full Catalog (all categories) | N4: 46251 | O4: 46589 | P4: =O4-TODAY() -> 334
A5: 4 | B5: Dried Black Beans | C5: Grains/Staples | D5: Dry | E5: 20 lb bag | F5: 20 | G5: 238 | H5: =F5*G5 -> 4760 | I5: San Diego Food Bank - Main Warehouse (Miramar) | J5: 9850 Distribution Ave, San Diego, CA 92121 | K5: San Diego | L5: Regional Distribution Hub | M5: Full Catalog (all categories) | N5: 46241 | O5: 46548 | P5: =O5-TODAY() -> 293
A6: 5 | B6: Rolled Oats | C6: Grains/Staples | D6: Dry | E6: 10 lb bag | F6: 10 | G6: 1018 | H6: =F6*G6 -> 10180 | I6: San Diego Food Bank - Main Warehouse (Miramar) | J6: 9850 Distribution Ave, San Diego, CA 92121 | K6: San Diego | L6: Regional Distribution Hub | M6: Full Catalog (all categories) | N6: 46211 | O6: 46527 | P6: =O6-TODAY() -> 272
A7: 6 | B7: Spaghetti Pasta | C7: Grains/Staples | D7: Dry | E7: case of 24 (16oz) | F7: 24 | G7: 341 | H7: =F7*G7 -> 8184 | I7: San Diego Food Bank - Main Warehouse (Miramar) | J7: 9850 Distribution Ave, San Diego, CA 92121 | K7: San Diego | L7: Regional Distribution Hub | M7: Full Catalog (all categories) | N7: 46227 | O7: 46605 | P7: =O7-TODAY() -> 350
A8: 7 | B8: Penne Pasta | C8: Grains/Staples | D8: Dry | E8: case of 24 (16oz) | F8: 24 | G8: 191 | H8: =F8*G8 -> 4584 | I8: San Diego Food Bank - Main Warehouse (Miramar) | J8: 9850 Distribution Ave, San Diego, CA 92121 | K8: San Diego | L8: Regional Distribution Hub | M8: Full Catalog (all categories) | N8: 46234 | O8: 46533 | P8: =O8-TODAY() -> 278
A9: 8 | B9: All-Purpose Flour | C9: Grains/Staples | D9: Dry | E9: 25 lb bag | F9: 25 | G9: 394 | H9: =F9*G9 -> 9850 | I9: San Diego Food Bank - Main Warehouse (Miramar) | J9: 9850 Distribution Ave, San Diego, CA 92121 | K9: San Diego | L9: Regional Distribution Hub | M9: Full Catalog (all categories) | N9: 46217 | O9: 46633 | P9: =O9-TODAY() -> 378
A10: 9 | B10: Cornmeal | C10: Grains/Staples | D10: Dry | E10: 10 lb bag | F10: 10 | G10: 434 | H10: =F10*G10 -> 4340 | I10: San Diego Food Bank - Main Warehouse (Miramar) | J10: 9850 Distribution Ave, San Diego, CA 92121 | K10: San Diego | L10: Regional Distribution Hub | M10: Full Catalog (all categories) | N10: 46225 | O10: 46497 | P10: =O10-TODAY() -> 242
A11: 10 | B11: Canned Corn | C11: Canned Goods | D11: Dry | E11: case of 12 (15oz) | F11: 11.3 | G11: 795 | H11: =F11*G11 -> 8983.5 | I11: San Diego Food Bank - Main Warehouse (Miramar) | J11: 9850 Distribution Ave, San Diego, CA 92121 | K11: San Diego | L11: Regional Distribution Hub | M11: Full Catalog (all categories) | N11: 46235 | O11: 46478 | P11: =O11-TODAY() -> 223
A12: 11 | B12: Canned Green Beans | C12: Canned Goods | D12: Dry | E12: case of 12 (15oz) | F12: 11.3 | G12: 418 | H12: =F12*G12 -> 4723.4 | I12: San Diego Food Bank - Main Warehouse (Miramar) | J12: 9850 Distribution Ave, San Diego, CA 92121 | K12: San Diego | L12: Regional Distribution Hub | M12: Full Catalog (all categories) | N12: 46204 | O12: 46430 | P12: =O12-TODAY() -> 175
A13: 12 | B13: Canned Diced Tomatoes | C13: Canned Goods | D13: Dry | E13: case of 12 (14.5oz) | F13: 10.9 | G13: 456 | H13: =F13*G13 -> 4970.4 | I13: San Diego Food Bank - Main Warehouse (Miramar) | J13: 9850 Distribution Ave, San Diego, CA 92121 | K13: San Diego | L13: Regional Distribution Hub | M13: Full Catalog (all categories) | N13: 46210 | O13: 46589 | P13: =O13-TODAY() -> 334
... A78: 77 | B78: Period Supplies (Pads) | C78: Household/Other | D78: Dry | E78: case of 250 | F78: 8 | G78: 40 | H78: =F78*G78 -> 320 | I78: Apostolic Assembly Church | J78: 1717 East Lincoln Avenue, Escondido, CA 92027 | K78: Escondido | L78: Neighborhood Distribution | M78: Neighborhood Produce (25-30lb) | N78: 46229 | O78: 46598 | P78: =O78-TODAY() -> 343

Sheet Locations & Capacity
A1: Location | B1: Address | C1: City | D1: Service Type (source) | E1: Storage Capacity (lbs) | F1: Current Load (lbs) | G1: Utilization % | H1: Status
A2: San Diego Food Bank - Main Warehouse (Miramar) | B2: 9850 Distribution Ave, San Diego, CA 92121 | C2: San Diego | D2: Regional Distribution Hub | E2: 450000 | F2: =SUMIF(Inventory!$I$2:$I$78,A2,Inventory!$H$2:$H$78) -> 274458.9 | G2: =F2/E2 -> 0.60990867 | H2: =IF(G2>1,"Over Capacity",IF(G2>=0.85,"Near Capacity",IF(G2<0.4,"Underutilized","Healthy"))) -> Healthy
A3: Aguilas del Poderoso Dios | B3: 5901 Rancho Hills Drive, San Diego, CA 92139 | C3: San Diego | D3: Neighborhood Distribution | E3: 3200 | F3: =SUMIF(Inventory!$I$2:$I$78,A3,Inventory!$H$2:$H$78) -> 2375.9 | G3: =F3/E3 -> 0.74246875 | H3: =IF(G3>1,"Over Capacity",IF(G3>=0.85,"Near Capacity",IF(G3<0.4,"Underutilized","Healthy"))) -> Healthy
A4: All Saint Episcopal Church | B4: 651 Eucalyptus Avenue, Vista, CA 92084 | C4: Vista | D4: Food To Nonprofit | E4: 7000 | F4: =SUMIF(Inventory!$I$2:$I$78,A4,Inventory!$H$2:$H$78) -> 4082.6 | G4: =F4/E4 -> 0.58322857 | H4: =IF(G4>1,"Over Capacity",IF(G4>=0.85,"Near Capacity",IF(G4<0.4,"Underutilized","Healthy"))) -> Healthy
A5: Apostolic Assembly Church | B5: 1717 East Lincoln Avenue, Escondido, CA 92027 | C5: Escondido | D5: Neighborhood Distribution | E5: 3200 | F5: =SUMIF(Inventory!$I$2:$I$78,A5,Inventory!$H$2:$H$78) -> 2980.1 | G5: =F5/E5 -> 0.93128125 | H5: =IF(G5>1,"Over Capacity",IF(G5>=0.85,"Near Capacity",IF(G5<0.4,"Underutilized","Healthy"))) -> Near Capacity
A6: Network Total | E6: =SUM(E2:E5) -> 463400 | F6: =SUM(F2:F5) -> 283897.5 | G6: =F6/E6 -> 0.61264027

Sheet Category x Location Summary
A1: Location (Total Weight, lbs, by Category) | B1: Beverages | C1: Canned Goods | D1: Grains/Staples | E1: Household/Other | F1: Produce | G1: Total (lbs)
A2: San Diego Food Bank - Main Warehouse (Miramar) | B2: =SUMIFS(Inventory!$H$2:$H$78,Inventory!$I$2:$I$78,$A2,Inventory!$C$2:$C$78,B$1) -> 8275 | C2: =SUMIFS(Inventory!$H$2:$H$78,Inventory!$I$2:$I$78,$A2,Inventory!$C$2:$C$78,C$1) -> 53009.1 | D2: =SUMIFS(Inventory!$H$2:$H$78,Inventory!$I$2:$I$78,$A2,Inventory!$C$2:$C$78,D$1) -> 112223.3 | E2: =SUMIFS(Inventory!$H$2:$H$78,Inventory!$I$2:$I$78,$A2,Inventory!$C$2:$C$78,E$1) -> 22094 | F2: =SUMIFS(Inventory!$H$2:$H$78,Inventory!$I$2:$I$78,$A2,Inventory!$C$2:$C$78,F$1) -> 78857.5 | G2: =SUM(B2:F2) -> 274458.9
A3: Aguilas del Poderoso Dios | B3: =SUMIFS(Inventory!$H$2:$H$78,Inventory!$I$2:$I$78,$A3,Inventory!$C$2:$C$78,B$1) -> 0 | C3: =SUMIFS(Inventory!$H$2:$H$78,Inventory!$I$2:$I$78,$A3,Inventory!$C$2:$C$78,C$1) -> 316.4 | D3: =SUMIFS(Inventory!$H$2:$H$78,Inventory!$I$2:$I$78,$A3,Inventory!$C$2:$C$78,D$1) -> 75 | E3: =SUMIFS(Inventory!$H$2:$H$78,Inventory!$I$2:$I$78,$A3,Inventory!$C$2:$C$78,E$1) -> 0 | F3: =SUMIFS(Inventory!$H$2:$H$78,Inventory!$I$2:$I$78,$A3,Inventory!$C$2:$C$78,F$1) -> 1984.5 | G3: =SUM(B3:F3) -> 2375.9
A4: All Saint Episcopal Church | B4: =SUMIFS(Inventory!$H$2:$H$78,Inventory!$I$2:$I$78,$A4,Inventory!$C$2:$C$78,B$1) -> 0 | C4: =SUMIFS(Inventory!$H$2:$H$78,Inventory!$I$2:$I$78,$A4,Inventory!$C$2:$C$78,C$1) -> 986 | D4: =SUMIFS(Inventory!$H$2:$H$78,Inventory!$I$2:$I$78,$A4,Inventory!$C$2:$C$78,D$1) -> 2301.6 | E4: =SUMIFS(Inventory!$H$2:$H$78,Inventory!$I$2:$I$78,$A4,Inventory!$C$2:$C$78,E$1) -> 0 | F4: =SUMIFS(Inventory!$H$2:$H$78,Inventory!$I$2:$I$78,$A4,Inventory!$C$2:$C$78,F$1) -> 795 | G4: =SUM(B4:F4) -> 4082.6
A5: Apostolic Assembly Church | B5: =SUMIFS(Inventory!$H$2:$H$78,Inventory!$I$2:$I$78,$A5,Inventory!$C$2:$C$78,B$1) -> 0 | C5: =SUMIFS(Inventory!$H$2:$H$78,Inventory!$I$2:$I$78,$A5,Inventory!$C$2:$C$78,C$1) -> 474.6 | D5: =SUMIFS(Inventory!$H$2:$H$78,Inventory!$I$2:$I$78,$A5,Inventory!$C$2:$C$78,D$1) -> 200 | E5: =SUMIFS(Inventory!$H$2:$H$78,Inventory!$I$2:$I$78,$A5,Inventory!$C$2:$C$78,E$1) -> 455 | F5: =SUMIFS(Inventory!$H$2:$H$78,Inventory!$I$2:$I$78,$A5,Inventory!$C$2:$C$78,F$1) -> 1850.5 | G5: =SUM(B5:F5) -> 2980.1
A6: Network Total | B6: =SUM(B2:B5) -> 8275 | C6: =SUM(C2:C5) -> 54786.1 | D6: =SUM(D2:D5) -> 114799.9 | E6: =SUM(E2:E5) -> 22549 | F6: =SUM(F2:F5) -> 83487.5 | G6: =SUM(G2:G5) -> 283897.5
